[{"createdByName":"Admin Admin","modifiedByName":"Admin Admin","createdBy":"admin","modifiedBy":"admin","id":"0015","parameter3":"13","value":"28","parameter2":"Amazon Web Services","parameter1":"Infrastructure As A Service"},{"createdByName":"Admin Admin","modifiedByName":"Admin Admin","createdBy":"admin","modifiedBy":"admin","id":"0016","parameter3":"34","value":"5","parameter2":"Google","parameter1":"Infrastructure As A Service"},{"createdByName":"Admin Admin","modifiedByName":"Admin Admin","createdBy":"admin","modifiedBy":"admin","id":"0017","parameter3":"26","value":"7","parameter2":"IBM","parameter1":"Infrastructure As A Service"},{"createdByName":"Admin Admin","modifiedByName":"Admin Admin","createdBy":"admin","modifiedBy":"admin","id":"0018","parameter3":"43","value":"10","parameter2":"Microsoft","parameter1":"Infrastructure As A Service"},{"createdByName":"Admin Admin","modifiedByName":"Admin Admin","createdBy":"admin","modifiedBy":"admin","id":"0019","parameter3":"7","value":"43","parameter2":"Other","parameter1":"Infrastructure As A Service"},{"createdByName":"Admin Admin","modifiedByName":"Admin Admin","createdBy":"admin","modifiedBy":"admin","id":"0020","parameter3":"2","value":"3","parameter2":"Rackspace","parameter1":"Infrastructure As A Service"},{"createdByName":"Admin Admin","modifiedByName":"Admin Admin","createdBy":"admin","modifiedBy":"admin","id":"0021","parameter3":"14","value":"4","parameter2":"Salesforce","parameter1":"Infrastructure As A Service"}]