[{"date":"2024-12-18","createdByName":"Admin Admin","dateCreated":"2023-02-07 09:43:43","modifiedByName":"Admin Admin","createdBy":"admin","name":"Meeting","dateModified":"2024-04-18 02:18:00","modifiedBy":"admin","id":"001"},{"date":"2024-08-15","createdByName":"Admin Admin","dateCreated":"2023-02-07 09:44:15","modifiedByName":"Admin Admin","createdBy":"admin","name":"Meeting","dateModified":"2024-04-18 02:18:50","modifiedBy":"admin","id":"002"},{"date":"2024-10-19","createdByName":"Admin Admin","dateCreated":"2023-02-07 09:44:42","modifiedByName":"Admin Admin","createdBy":"admin","name":"Meeting","dateModified":"2024-04-18 02:19:25","modifiedBy":"admin","id":"003"},{"date":"2025-02-01","createdByName":"Admin Admin","dateCreated":"2023-02-07 09:45:11","modifiedByName":"Admin Admin","createdBy":"admin","name":"Meeting","dateModified":"2024-04-18 02:19:57","modifiedBy":"admin","id":"004"},{"date":"2024-05-16","createdByName":"Admin Admin","dateCreated":"2023-02-07 09:42:54","modifiedByName":"Admin Admin","createdBy":"admin","name":"Meeting","dateModified":"2024-04-18 02:17:00","modifiedBy":"admin","id":"006"},{"date":"2024-07-08","createdByName":"Admin Admin","dateCreated":"2023-02-07 09:43:07","modifiedByName":"Admin Admin","createdBy":"admin","name":"Meeting","dateModified":"2024-04-18 02:17:36","modifiedBy":"admin","id":"007"},{"date":"2024-06-30","createdByName":"Admin Admin","dateCreated":"2023-02-07 09:43:24","modifiedByName":"Admin Admin","createdBy":"admin","name":"Meeting","dateModified":"2024-04-18 02:17:14","modifiedBy":"admin","id":"008"},{"date":"2024-11-20","createdByName":"Admin Admin","dateCreated":"2023-02-07 09:44:01","modifiedByName":"Admin Admin","createdBy":"admin","name":"Meeting","dateModified":"2024-04-18 02:18:28","modifiedBy":"admin","id":"009"},{"date":"2024-09-25","createdByName":"Admin Admin","dateCreated":"2023-02-07 09:44:27","modifiedByName":"Admin Admin","createdBy":"admin","name":"Meeting","dateModified":"2024-04-18 02:19:05","modifiedBy":"admin","id":"010"},{"date":"2025-01-21","createdByName":"Admin Admin","dateCreated":"2023-02-07 09:44:57","modifiedByName":"Admin Admin","createdBy":"admin","name":"Meeting","dateModified":"2024-04-18 02:19:45","modifiedBy":"admin","id":"011"},{"date":"2025-03-06","createdByName":"Admin Admin","dateCreated":"2023-02-07 09:45:24","modifiedByName":"Admin Admin","createdBy":"admin","name":"Meeting","dateModified":"2024-04-18 02:20:15","modifiedBy":"admin","id":"012"}]