[{"createdByName":"Admin Admin","modifiedByName":"Admin Admin","createdBy":"admin","Lowest":"25.80","modifiedBy":"admin","id":"001","Closing":"25.95","StockCode":"ABCD","Highest":"26.42","Date":"2015/11/01","Open":"26.24"},{"createdByName":"Admin Admin","modifiedByName":"Admin Admin","createdBy":"admin","Lowest":"26.18","modifiedBy":"admin","id":"002","Closing":"26.20","StockCode":"ABCD","Highest":"26.46","Date":"2015/11/02","Open":"26.40"},{"createdByName":"Admin Admin","modifiedByName":"Admin Admin","createdBy":"admin","Lowest":"26.04","modifiedBy":"admin","id":"003","Closing":"26.08","StockCode":"ABCD","Highest":"26.41","Date":"2015/11/03","Open":"26.37"},{"createdByName":"Admin Admin","modifiedByName":"Admin Admin","createdBy":"admin","Lowest":"26.15","modifiedBy":"admin","id":"004","Closing":"26.16","StockCode":"ABCD","Highest":"26.90","Date":"2015/11/04","Open":"26.78"},{"createdByName":"Admin Admin","modifiedByName":"Admin Admin","createdBy":"admin","Lowest":"26.51","modifiedBy":"admin","id":"005","Closing":"26.58","StockCode":"ABCD","Highest":"26.99","Date":"2015/11/05","Open":"26.86"},{"createdByName":"Admin Admin","modifiedByName":"Admin Admin","createdBy":"admin","Lowest":"26.50","modifiedBy":"admin","id":"006","Closing":"26.55","StockCode":"ABCD","Highest":"27.11","Date":"2015/11/06","Open":"26.95"},{"createdByName":"Admin Admin","modifiedByName":"Admin Admin","createdBy":"admin","Lowest":"26.50","modifiedBy":"admin","id":"007","Closing":"26.77","StockCode":"ABCD","Highest":"26.84","Date":"2015/11/07","Open":"27.06"},{"createdByName":"Admin Admin","modifiedByName":"Admin Admin","createdBy":"admin","Lowest":"26.43","modifiedBy":"admin","id":"008","Closing":"26.59","StockCode":"ABCD","Highest":"26.83","Date":"2015/11/08","Open":"26.86"},{"createdByName":"Admin Admin","modifiedByName":"Admin Admin","createdBy":"admin","Lowest":"26.52","modifiedBy":"admin","id":"009","Closing":"26.59","StockCode":"ABCD","Highest":"26.98","Date":"2015/11/09","Open":"27.10"},{"createdByName":"Admin Admin","modifiedByName":"Admin Admin","createdBy":"admin","Lowest":"26.99","modifiedBy":"admin","id":"010","Closing":"27.06","StockCode":"ABCD","Highest":"27.33","Date":"2015/11/10","Open":"27.21"},{"createdByName":"Admin Admin","modifiedByName":"Admin Admin","createdBy":"admin","Lowest":"26.91","modifiedBy":"admin","id":"011","Closing":"27.21","StockCode":"ABCD","Highest":"27.17","Date":"2015/11/11","Open":"27.37"},{"createdByName":"Admin Admin","modifiedByName":"Admin Admin","createdBy":"admin","Lowest":"26.60","modifiedBy":"admin","id":"012","Closing":"27.02","StockCode":"ABCD","Highest":"27.15","Date":"2015/11/12","Open":"27.07"},{"createdByName":"Admin Admin","modifiedByName":"Admin Admin","createdBy":"admin","Lowest":"26.95","modifiedBy":"admin","id":"013","Closing":"26.96","StockCode":"ABCD","Highest":"27.24","Date":"2015/11/13","Open":"27.33"},{"createdByName":"Admin Admin","modifiedByName":"Admin Admin","createdBy":"admin","Lowest":"26.95","modifiedBy":"admin","id":"014","Closing":"27.23","StockCode":"ABCD","Highest":"27.41","Date":"2015/11/14","Open":"27.27"},{"createdByName":"Admin Admin","modifiedByName":"Admin Admin","createdBy":"admin","Lowest":"27.07","modifiedBy":"admin","id":"015","Closing":"27.25","StockCode":"ABCD","Highest":"27.86","Date":"2015/11/15","Open":"27.81"},{"createdByName":"Admin Admin","modifiedByName":"Admin Admin","createdBy":"admin","Lowest":"27.29","modifiedBy":"admin","id":"016","Closing":"27.50","StockCode":"ABCD","Highest":"28.00","Date":"2015/11/16","Open":"27.94"},{"createdByName":"Admin Admin","modifiedByName":"Admin Admin","createdBy":"admin","Lowest":"27.91","modifiedBy":"admin","id":"017","Closing":"27.97","StockCode":"ABCD","Highest":"28.39","Date":"2015/11/17","Open":"28.26"},{"createdByName":"Admin Admin","modifiedByName":"Admin Admin","createdBy":"admin","Lowest":"28.05","modifiedBy":"admin","id":"018","Closing":"28.28","StockCode":"ABCD","Highest":"28.30","Date":"2015/11/18","Open":"28.34"},{"createdByName":"Admin Admin","modifiedByName":"Admin Admin","createdBy":"admin","Lowest":"27.79","modifiedBy":"admin","id":"019","Closing":"27.90","StockCode":"ABCD","Highest":"28.49","Date":"2015/11/19","Open":"28.34"},{"createdByName":"Admin Admin","modifiedByName":"Admin Admin","createdBy":"admin","Lowest":"27.71","modifiedBy":"admin","id":"020","Closing":"27.77","StockCode":"ABCD","Highest":"27.90","Date":"2015/11/20","Open":"27.84"}]