<appDefinition>
   <id>dashboard</id>
   <version>1</version>
   <name>Employee Portal</name>
   <dateCreated class="java.sql.Timestamp">2024-04-16 07:20:33.0 UTC</dateCreated>
   <dateModified class="java.sql.Timestamp">2024-04-18 01:58:21.0 UTC</dateModified>
   <packageDefinitionList>
      <packageDefinition>
         <appId>dashboard</appId>
         <id>dashboard</id>
         <version>2</version>
         <name>Employee Portal</name>
         <dateCreated class="java.sql.Timestamp">2024-04-16 07:20:42.0 UTC</dateCreated>
         <dateModified class="java.sql.Timestamp">2024-04-16 07:20:42.0 UTC</dateModified>
         <packageActivityFormMap>
            <entry>
               <string>process1::runProcess</string>
               <packageActivityForm>
                  <processDefId>process1</processDefId>
                  <activityDefId>runProcess</activityDefId>
                  <formId>user_registration</formId>
                  <type>SINGLE</type>
                  <autoContinue>true</autoContinue>
                  <!--disableSaveAsDraft>false</disableSaveAsDraft-->
               </packageActivityForm>
            </entry>
            <entry>
               <string>process1::activity2</string>
               <packageActivityForm>
                  <processDefId>process1</processDefId>
                  <activityDefId>activity2</activityDefId>
                  <formId>user_creation</formId>
                  <type>SINGLE</type>
                  <autoContinue>true</autoContinue>
                  <!--disableSaveAsDraft>true</disableSaveAsDraft-->
               </packageActivityForm>
            </entry>
            <entry>
               <string>process1::activity1</string>
               <packageActivityForm>
                  <processDefId>process1</processDefId>
                  <activityDefId>activity1</activityDefId>
                  <formId>user_approval</formId>
                  <type>SINGLE</type>
                  <autoContinue>true</autoContinue>
                  <!--disableSaveAsDraft>true</disableSaveAsDraft-->
               </packageActivityForm>
            </entry>
         </packageActivityFormMap>
         <packageActivityPluginMap>
            <entry>
               <string>process1::tool4</string>
               <packageActivityPlugin>
                  <processDefId>process1</processDefId>
                  <activityDefId>tool4</activityDefId>
                  <pluginName>org.joget.apps.app.lib.EmailTool</pluginName>
                  <pluginProperties>{&quot;cc&quot;:&quot;&quot;,&quot;toSpecific&quot;:&quot;&quot;,&quot;bcc&quot;:&quot;&quot;,&quot;subject&quot;:&quot;You Have A New User Registration Request from: #form.j_user_register.username#&quot;,&quot;formDefId&quot;:&quot;&quot;,&quot;toParticipantId&quot;:&quot;approver&quot;,&quot;message&quot;:&quot;You Have A New User Registration Request from: #form.j_user_register.username#.\n\n\nEmail notification generated by Joget Workflow.&quot;,&quot;security&quot;:&quot;&quot;,&quot;password&quot;:&quot;%%%%TCuif3S08OULU5D2Tjl40Q==%%%%&quot;,&quot;port&quot;:&quot;&quot;,&quot;isHtml&quot;:&quot;&quot;,&quot;host&quot;:&quot;&quot;,&quot;files&quot;:[],&quot;from&quot;:&quot;&quot;,&quot;fields&quot;:[],&quot;username&quot;:&quot;&quot;}</pluginProperties>
               </packageActivityPlugin>
            </entry>
            <entry>
               <string>process1::tool2</string>
               <packageActivityPlugin>
                  <processDefId>process1</processDefId>
                  <activityDefId>tool2</activityDefId>
                  <pluginName>org.joget.apps.app.lib.EmailTool</pluginName>
                  <pluginProperties>{&quot;cc&quot;:&quot;&quot;,&quot;toSpecific&quot;:&quot;#form.j_user_register.email#&quot;,&quot;bcc&quot;:&quot;&quot;,&quot;subject&quot;:&quot;User Registration Rejected: #form.j_user_register.username#&quot;,&quot;formDefId&quot;:&quot;&quot;,&quot;toParticipantId&quot;:&quot;&quot;,&quot;message&quot;:&quot;This is to inform you that the user registration for \&quot;#form.j_user_register.username#\&quot; has been rejected.\n\n\nEmail notification generated by Joget Workflow.&quot;,&quot;PROPERTIES_EDITOR_METAS_HASH_FIELD&quot;:&quot;security&quot;,&quot;security&quot;:&quot;&quot;,&quot;password&quot;:&quot;%%%%bmdeyROsTVs533vZzgV3GA==%%%%&quot;,&quot;port&quot;:&quot;&quot;,&quot;isHtml&quot;:&quot;&quot;,&quot;host&quot;:&quot;&quot;,&quot;files&quot;:[],&quot;from&quot;:&quot;&quot;,&quot;fields&quot;:[],&quot;username&quot;:&quot;&quot;}</pluginProperties>
               </packageActivityPlugin>
            </entry>
            <entry>
               <string>process1::tool3</string>
               <packageActivityPlugin>
                  <processDefId>process1</processDefId>
                  <activityDefId>tool3</activityDefId>
                  <pluginName>org.joget.apps.app.lib.EmailTool</pluginName>
                  <pluginProperties>{&quot;cc&quot;:&quot;&quot;,&quot;toSpecific&quot;:&quot;#form.j_user_register.email#&quot;,&quot;bcc&quot;:&quot;&quot;,&quot;subject&quot;:&quot;User Registration Approved: #form.j_user_register.username#&quot;,&quot;formDefId&quot;:&quot;&quot;,&quot;toParticipantId&quot;:&quot;&quot;,&quot;message&quot;:&quot;This is to inform you that the user registration for \&quot;#form.j_user_register.username#\&quot; has been approved. \n\nLogin Details\n=============\nUsername: #form.j_user_register.username#\nPassword: #form.j_user_register.password#\n\n\nEmail notification generated by Joget Workflow.&quot;,&quot;PROPERTIES_EDITOR_METAS_HASH_FIELD&quot;:&quot;security&quot;,&quot;security&quot;:&quot;&quot;,&quot;password&quot;:&quot;%%%%TfYdwRtsDH5h9rOt4x+EiQ==%%%%&quot;,&quot;port&quot;:&quot;&quot;,&quot;isHtml&quot;:&quot;&quot;,&quot;host&quot;:&quot;&quot;,&quot;files&quot;:[],&quot;from&quot;:&quot;&quot;,&quot;fields&quot;:[],&quot;username&quot;:&quot;&quot;}</pluginProperties>
               </packageActivityPlugin>
            </entry>
         </packageActivityPluginMap>
         <packageParticipantMap>
            <entry>
               <string>process1::processStartWhiteList</string>
               <packageParticipant>
                  <processDefId>process1</processDefId>
                  <participantId>processStartWhiteList</participantId>
                  <type>role</type>
                  <value>loggedInUser</value>
               </packageParticipant>
            </entry>
            <entry>
               <string>process1::requester</string>
               <packageParticipant>
                  <processDefId>process1</processDefId>
                  <participantId>requester</participantId>
                  <type>requester</type>
                  <value>runProcess</value>
               </packageParticipant>
            </entry>
            <entry>
               <string>process1::approver</string>
               <packageParticipant>
                  <processDefId>process1</processDefId>
                  <participantId>approver</participantId>
                  <type>user</type>
                  <value>admin</value>
               </packageParticipant>
            </entry>
         </packageParticipantMap>
      </packageDefinition>
   </packageDefinitionList>
  <formDefinitionList>
      <formDefinition>
         <id>user_approval</id>
         <appId>dashboard</appId>
         <appVersion>1</appVersion>
         <name>User Approval Form</name>
         <tableName>j_user_register</tableName>
         <json>{&quot;className&quot;:&quot;org.joget.apps.form.model.Form&quot;,&quot;properties&quot;:{&quot;noPermissionMessage&quot;:&quot;&quot;,&quot;loadBinder&quot;:{&quot;className&quot;:&quot;org.joget.apps.form.lib.WorkflowFormBinder&quot;,&quot;properties&quot;:{}},&quot;name&quot;:&quot;User Approval Form&quot;,&quot;description&quot;:&quot;&quot;,&quot;postProcessorRunOn&quot;:&quot;both&quot;,&quot;permission&quot;:{&quot;className&quot;:&quot;&quot;,&quot;properties&quot;:{}},&quot;id&quot;:&quot;user_approval&quot;,&quot;postProcessor&quot;:{&quot;className&quot;:&quot;&quot;,&quot;properties&quot;:{}},&quot;storeBinder&quot;:{&quot;className&quot;:&quot;org.joget.apps.form.lib.WorkflowFormBinder&quot;,&quot;properties&quot;:{}},&quot;tableName&quot;:&quot;j_user_register&quot;},&quot;elements&quot;:[{&quot;elements&quot;:[{&quot;elements&quot;:[{&quot;className&quot;:&quot;org.joget.apps.form.lib.SubForm&quot;,&quot;properties&quot;:{&quot;parentSubFormId&quot;:&quot;&quot;,&quot;loadBinder&quot;:{&quot;className&quot;:&quot;org.joget.apps.form.lib.WorkflowFormBinder&quot;,&quot;properties&quot;:&quot;{}&quot;},&quot;readonly&quot;:&quot;true&quot;,&quot;formDefId&quot;:&quot;user_registration&quot;,&quot;elementUniqueKey&quot;:&quot;551&quot;,&quot;subFormParentId&quot;:&quot;&quot;,&quot;id&quot;:&quot;registration&quot;,&quot;label&quot;:&quot;&quot;,&quot;storeBinder&quot;:{&quot;className&quot;:&quot;org.joget.apps.form.lib.WorkflowFormBinder&quot;,&quot;properties&quot;:&quot;{}&quot;},&quot;readonlyLabel&quot;:&quot;&quot;}}],&quot;className&quot;:&quot;org.joget.apps.form.model.Column&quot;,&quot;properties&quot;:{&quot;elementUniqueKey&quot;:&quot;498&quot;,&quot;width&quot;:&quot;99%&quot;}}],&quot;className&quot;:&quot;org.joget.apps.form.model.Section&quot;,&quot;properties&quot;:{&quot;visibilityControl&quot;:&quot;&quot;,&quot;regex&quot;:&quot;&quot;,&quot;loadBinder&quot;:{&quot;className&quot;:&quot;&quot;,&quot;properties&quot;:&quot;{}&quot;},&quot;elementUniqueKey&quot;:&quot;494&quot;,&quot;id&quot;:&quot;section1&quot;,&quot;label&quot;:&quot;&quot;,&quot;storeBinder&quot;:{&quot;className&quot;:&quot;&quot;,&quot;properties&quot;:&quot;{}&quot;},&quot;visibilityValue&quot;:&quot;&quot;}},{&quot;elements&quot;:[{&quot;elements&quot;:[{&quot;className&quot;:&quot;org.joget.apps.form.lib.SelectBox&quot;,&quot;properties&quot;:{&quot;id&quot;:&quot;status&quot;,&quot;label&quot;:&quot;Status&quot;,&quot;options&quot;:[{&quot;value&quot;:&quot;Approved&quot;,&quot;label&quot;:&quot;Approved&quot;,&quot;grouping&quot;:&quot;&quot;},{&quot;value&quot;:&quot;Rejected&quot;,&quot;label&quot;:&quot;Rejected&quot;,&quot;grouping&quot;:&quot;&quot;}],&quot;optionsBinder&quot;:{&quot;className&quot;:&quot;&quot;,&quot;properties&quot;:{}},&quot;value&quot;:&quot;&quot;,&quot;multiple&quot;:&quot;&quot;,&quot;validator&quot;:{&quot;className&quot;:&quot;org.joget.apps.form.lib.DefaultValidator&quot;,&quot;properties&quot;:{&quot;mandatory&quot;:&quot;true&quot;,&quot;type&quot;:&quot;&quot;,&quot;custom-regex&quot;:&quot;&quot;,&quot;message&quot;:&quot;&quot;}},&quot;controlField&quot;:&quot;&quot;,&quot;size&quot;:&quot;&quot;,&quot;readonly&quot;:&quot;&quot;,&quot;readonlyLabel&quot;:&quot;&quot;,&quot;workflowVariable&quot;:&quot;status&quot;}},{&quot;className&quot;:&quot;org.joget.apps.form.lib.TextArea&quot;,&quot;properties&quot;:{&quot;readonly&quot;:&quot;&quot;,&quot;elementUniqueKey&quot;:&quot;511&quot;,&quot;validator&quot;:{&quot;className&quot;:&quot;&quot;,&quot;properties&quot;:&quot;{}&quot;},&quot;workflowVariable&quot;:&quot;&quot;,&quot;id&quot;:&quot;comments&quot;,&quot;label&quot;:&quot;Comments&quot;,&quot;rows&quot;:&quot;5&quot;,&quot;cols&quot;:&quot;20&quot;,&quot;value&quot;:&quot;&quot;,&quot;readonlyLabel&quot;:&quot;&quot;}}],&quot;className&quot;:&quot;org.joget.apps.form.model.Column&quot;,&quot;properties&quot;:{&quot;elementUniqueKey&quot;:&quot;507&quot;,&quot;width&quot;:&quot;99%&quot;}}],&quot;className&quot;:&quot;org.joget.apps.form.model.Section&quot;,&quot;properties&quot;:{&quot;visibilityControl&quot;:&quot;&quot;,&quot;regex&quot;:&quot;&quot;,&quot;loadBinder&quot;:{&quot;className&quot;:&quot;&quot;,&quot;properties&quot;:&quot;{}&quot;},&quot;elementUniqueKey&quot;:&quot;501&quot;,&quot;id&quot;:&quot;section2&quot;,&quot;label&quot;:&quot;Approval Section&quot;,&quot;storeBinder&quot;:{&quot;className&quot;:&quot;&quot;,&quot;properties&quot;:&quot;{}&quot;},&quot;visibilityValue&quot;:&quot;&quot;}}]}</json>
         <dateCreated class="java.sql.Timestamp">2024-04-16 07:20:33.0 UTC</dateCreated>
         <dateModified class="java.sql.Timestamp">2024-04-16 07:20:33.0 UTC</dateModified>
      </formDefinition>
      <formDefinition>
         <id>user_creation</id>
         <appId>dashboard</appId>
         <appVersion>1</appVersion>
         <name>User Creation Form</name>
         <tableName>j_user_register</tableName>
         <json>{&quot;className&quot;:&quot;org.joget.apps.form.model.Form&quot;,&quot;properties&quot;:{&quot;id&quot;:&quot;user_creation&quot;,&quot;name&quot;:&quot;User Creation Form&quot;,&quot;tableName&quot;:&quot;j_user_register&quot;,&quot;description&quot;:&quot;&quot;,&quot;loadBinder&quot;:{&quot;className&quot;:&quot;org.joget.apps.form.lib.WorkflowFormBinder&quot;,&quot;properties&quot;:{}},&quot;storeBinder&quot;:{&quot;className&quot;:&quot;org.joget.apps.form.lib.WorkflowFormBinder&quot;,&quot;properties&quot;:{}},&quot;permission&quot;:{&quot;className&quot;:&quot;&quot;,&quot;properties&quot;:{}},&quot;noPermissionMessage&quot;:&quot;&quot;,&quot;postProcessor&quot;:{&quot;className&quot;:&quot;&quot;,&quot;properties&quot;:{}},&quot;postProcessorRunOn&quot;:&quot;both&quot;},&quot;elements&quot;:[{&quot;elements&quot;:[{&quot;elements&quot;:[{&quot;className&quot;:&quot;org.joget.apps.form.lib.CustomHTML&quot;,&quot;properties&quot;:{&quot;elementUniqueKey&quot;:&quot;1859&quot;,&quot;validator&quot;:{&quot;className&quot;:&quot;&quot;,&quot;properties&quot;:&quot;{}&quot;},&quot;id&quot;:&quot;field2&quot;,&quot;label&quot;:&quot;&quot;,&quot;value&quot;:&quot;User registration approved, please verify the user and login details below, and click on &lt;b&gt;Complete&lt;/b&gt; to finish the user registration process.&quot;}},{&quot;className&quot;:&quot;org.joget.apps.form.lib.SubForm&quot;,&quot;properties&quot;:{&quot;parentSubFormId&quot;:&quot;&quot;,&quot;loadBinder&quot;:{&quot;className&quot;:&quot;org.joget.apps.form.lib.WorkflowFormBinder&quot;,&quot;properties&quot;:&quot;{}&quot;},&quot;readonly&quot;:&quot;&quot;,&quot;formDefId&quot;:&quot;user_registration&quot;,&quot;elementUniqueKey&quot;:&quot;1312&quot;,&quot;subFormParentId&quot;:&quot;&quot;,&quot;id&quot;:&quot;field1&quot;,&quot;label&quot;:&quot;&quot;,&quot;storeBinder&quot;:{&quot;className&quot;:&quot;org.joget.plugin.enterprise.DirectoryUserFormBinder&quot;,&quot;properties&quot;:&quot;{}&quot;},&quot;readonlyLabel&quot;:&quot;&quot;}}],&quot;className&quot;:&quot;org.joget.apps.form.model.Column&quot;,&quot;properties&quot;:{&quot;width&quot;:&quot;99%&quot;}}],&quot;className&quot;:&quot;org.joget.apps.form.model.Section&quot;,&quot;properties&quot;:{&quot;visibilityControl&quot;:&quot;&quot;,&quot;regex&quot;:&quot;&quot;,&quot;loadBinder&quot;:{&quot;className&quot;:&quot;&quot;,&quot;properties&quot;:{}},&quot;id&quot;:&quot;section1&quot;,&quot;label&quot;:&quot;Confirmation&quot;,&quot;storeBinder&quot;:{&quot;className&quot;:&quot;&quot;,&quot;properties&quot;:{}},&quot;visibilityValue&quot;:&quot;&quot;}}]}</json>
         <dateCreated class="java.sql.Timestamp">2024-04-16 07:20:34.0 UTC</dateCreated>
         <dateModified class="java.sql.Timestamp">2024-04-16 07:20:34.0 UTC</dateModified>
      </formDefinition>
      <formDefinition>
         <id>user_registration</id>
         <appId>dashboard</appId>
         <appVersion>1</appVersion>
         <name>User Registration Form</name>
         <tableName>j_user_register</tableName>
         <json>{&quot;className&quot;:&quot;org.joget.apps.form.model.Form&quot;,&quot;properties&quot;:{&quot;noPermissionMessage&quot;:&quot;&quot;,&quot;loadBinder&quot;:{&quot;className&quot;:&quot;org.joget.apps.form.lib.WorkflowFormBinder&quot;,&quot;properties&quot;:{}},&quot;name&quot;:&quot;User Registration Form&quot;,&quot;description&quot;:&quot;&quot;,&quot;postProcessorRunOn&quot;:&quot;both&quot;,&quot;permission&quot;:{&quot;className&quot;:&quot;&quot;,&quot;properties&quot;:{}},&quot;id&quot;:&quot;user_registration&quot;,&quot;postProcessor&quot;:{&quot;className&quot;:&quot;&quot;,&quot;properties&quot;:{}},&quot;storeBinder&quot;:{&quot;className&quot;:&quot;org.joget.apps.form.lib.WorkflowFormBinder&quot;,&quot;properties&quot;:{}},&quot;tableName&quot;:&quot;j_user_register&quot;},&quot;elements&quot;:[{&quot;elements&quot;:[{&quot;elements&quot;:[{&quot;className&quot;:&quot;org.joget.apps.form.lib.TextField&quot;,&quot;properties&quot;:{&quot;readonly&quot;:&quot;&quot;,&quot;size&quot;:&quot;&quot;,&quot;maxlength&quot;:&quot;&quot;,&quot;elementUniqueKey&quot;:&quot;142&quot;,&quot;validator&quot;:{&quot;className&quot;:&quot;org.joget.apps.form.lib.DefaultValidator&quot;,&quot;properties&quot;:{&quot;custom-regex&quot;:&quot;&quot;,&quot;message&quot;:&quot;&quot;,&quot;type&quot;:&quot;&quot;,&quot;mandatory&quot;:&quot;true&quot;}},&quot;workflowVariable&quot;:&quot;&quot;,&quot;id&quot;:&quot;firstName&quot;,&quot;label&quot;:&quot;First Name&quot;,&quot;value&quot;:&quot;&quot;,&quot;readonlyLabel&quot;:&quot;&quot;}},{&quot;className&quot;:&quot;org.joget.apps.form.lib.TextField&quot;,&quot;properties&quot;:{&quot;readonly&quot;:&quot;&quot;,&quot;size&quot;:&quot;&quot;,&quot;maxlength&quot;:&quot;&quot;,&quot;elementUniqueKey&quot;:&quot;143&quot;,&quot;validator&quot;:{&quot;className&quot;:&quot;&quot;,&quot;properties&quot;:&quot;{}&quot;},&quot;workflowVariable&quot;:&quot;&quot;,&quot;id&quot;:&quot;lastName&quot;,&quot;label&quot;:&quot;Last Name&quot;,&quot;value&quot;:&quot;&quot;,&quot;readonlyLabel&quot;:&quot;&quot;}},{&quot;className&quot;:&quot;org.joget.apps.form.lib.TextField&quot;,&quot;properties&quot;:{&quot;readonly&quot;:&quot;&quot;,&quot;size&quot;:&quot;&quot;,&quot;maxlength&quot;:&quot;&quot;,&quot;elementUniqueKey&quot;:&quot;144&quot;,&quot;validator&quot;:{&quot;className&quot;:&quot;org.joget.apps.form.lib.DefaultValidator&quot;,&quot;properties&quot;:{&quot;custom-regex&quot;:&quot;&quot;,&quot;message&quot;:&quot;&quot;,&quot;type&quot;:&quot;email&quot;,&quot;mandatory&quot;:&quot;true&quot;}},&quot;workflowVariable&quot;:&quot;&quot;,&quot;id&quot;:&quot;email&quot;,&quot;label&quot;:&quot;Email&quot;,&quot;value&quot;:&quot;&quot;,&quot;readonlyLabel&quot;:&quot;&quot;}},{&quot;className&quot;:&quot;org.joget.apps.form.lib.HiddenField&quot;,&quot;properties&quot;:{&quot;id&quot;:&quot;status&quot;,&quot;value&quot;:&quot;Pending&quot;,&quot;useDefaultWhenEmpty&quot;:&quot;&quot;,&quot;workflowVariable&quot;:&quot;status&quot;}}],&quot;className&quot;:&quot;org.joget.apps.form.model.Column&quot;,&quot;properties&quot;:{&quot;elementUniqueKey&quot;:&quot;138&quot;,&quot;width&quot;:&quot;99%&quot;}}],&quot;className&quot;:&quot;org.joget.apps.form.model.Section&quot;,&quot;properties&quot;:{&quot;visibilityControl&quot;:&quot;&quot;,&quot;regex&quot;:&quot;&quot;,&quot;loadBinder&quot;:{&quot;className&quot;:&quot;&quot;,&quot;properties&quot;:&quot;{}&quot;},&quot;elementUniqueKey&quot;:&quot;130&quot;,&quot;id&quot;:&quot;section1&quot;,&quot;label&quot;:&quot;User Details&quot;,&quot;storeBinder&quot;:{&quot;className&quot;:&quot;&quot;,&quot;properties&quot;:&quot;{}&quot;},&quot;visibilityValue&quot;:&quot;&quot;}},{&quot;elements&quot;:[{&quot;elements&quot;:[{&quot;className&quot;:&quot;org.joget.apps.form.lib.TextField&quot;,&quot;properties&quot;:{&quot;readonly&quot;:&quot;&quot;,&quot;size&quot;:&quot;&quot;,&quot;maxlength&quot;:&quot;&quot;,&quot;elementUniqueKey&quot;:&quot;157&quot;,&quot;validator&quot;:{&quot;className&quot;:&quot;org.joget.plugin.enterprise.DirectoryUserExistValidator&quot;,&quot;properties&quot;:{&quot;emptyMsg&quot;:&quot;Invalid username.&quot;,&quot;errorMsg&quot;:&quot;Username already exists&quot;}},&quot;workflowVariable&quot;:&quot;username&quot;,&quot;id&quot;:&quot;username&quot;,&quot;label&quot;:&quot;Desired Username&quot;,&quot;value&quot;:&quot;&quot;,&quot;readonlyLabel&quot;:&quot;&quot;}},{&quot;className&quot;:&quot;org.joget.apps.form.lib.PasswordField&quot;,&quot;properties&quot;:{&quot;readonly&quot;:&quot;&quot;,&quot;size&quot;:&quot;&quot;,&quot;maxlength&quot;:&quot;&quot;,&quot;elementUniqueKey&quot;:&quot;158&quot;,&quot;validator&quot;:{&quot;className&quot;:&quot;org.joget.apps.form.lib.DefaultValidator&quot;,&quot;properties&quot;:{&quot;custom-regex&quot;:&quot;&quot;,&quot;message&quot;:&quot;&quot;,&quot;type&quot;:&quot;&quot;,&quot;mandatory&quot;:&quot;true&quot;}},&quot;id&quot;:&quot;password&quot;,&quot;label&quot;:&quot;Password&quot;,&quot;value&quot;:&quot;&quot;,&quot;readonlyLabel&quot;:&quot;&quot;}},{&quot;className&quot;:&quot;org.joget.apps.form.lib.PasswordField&quot;,&quot;properties&quot;:{&quot;readonly&quot;:&quot;&quot;,&quot;size&quot;:&quot;&quot;,&quot;maxlength&quot;:&quot;&quot;,&quot;elementUniqueKey&quot;:&quot;159&quot;,&quot;validator&quot;:{&quot;className&quot;:&quot;org.joget.plugin.enterprise.EqualValueValidator&quot;,&quot;properties&quot;:{&quot;errorMsg&quot;:&quot;Passwords do not match&quot;,&quot;fieldId&quot;:&quot;password&quot;}},&quot;id&quot;:&quot;verify_password&quot;,&quot;label&quot;:&quot;Verify Password&quot;,&quot;value&quot;:&quot;&quot;,&quot;readonlyLabel&quot;:&quot;&quot;}},{&quot;className&quot;:&quot;org.joget.apps.form.lib.HiddenField&quot;,&quot;properties&quot;:{&quot;elementUniqueKey&quot;:&quot;160&quot;,&quot;workflowVariable&quot;:&quot;&quot;,&quot;id&quot;:&quot;active&quot;,&quot;value&quot;:&quot;1&quot;}},{&quot;className&quot;:&quot;org.joget.apps.form.lib.HiddenField&quot;,&quot;properties&quot;:{&quot;elementUniqueKey&quot;:&quot;161&quot;,&quot;workflowVariable&quot;:&quot;&quot;,&quot;id&quot;:&quot;userRoles&quot;,&quot;value&quot;:&quot;ROLE_USER&quot;}}],&quot;className&quot;:&quot;org.joget.apps.form.model.Column&quot;,&quot;properties&quot;:{&quot;elementUniqueKey&quot;:&quot;153&quot;,&quot;width&quot;:&quot;99%&quot;}}],&quot;className&quot;:&quot;org.joget.apps.form.model.Section&quot;,&quot;properties&quot;:{&quot;visibilityControl&quot;:&quot;&quot;,&quot;regex&quot;:&quot;&quot;,&quot;loadBinder&quot;:{&quot;className&quot;:&quot;&quot;,&quot;properties&quot;:&quot;{}&quot;},&quot;elementUniqueKey&quot;:&quot;145&quot;,&quot;id&quot;:&quot;section2&quot;,&quot;label&quot;:&quot;Login Details&quot;,&quot;storeBinder&quot;:{&quot;className&quot;:&quot;&quot;,&quot;properties&quot;:&quot;{}&quot;},&quot;visibilityValue&quot;:&quot;&quot;}}]}</json>
         <dateCreated class="java.sql.Timestamp">2024-04-16 07:20:35.0 UTC</dateCreated>
         <dateModified class="java.sql.Timestamp">2024-04-16 07:20:35.0 UTC</dateModified>
      </formDefinition>
  </formDefinitionList>
   <userviewDefinitionList>
      <userviewDefinition>
         <id>home</id>
         <appId>dashboard</appId>
         <appVersion>1</appVersion>
         <name>Employee Services Portal</name>
         <description></description>
         <json>{&quot;className&quot;:&quot;org.joget.apps.userview.model.Userview&quot;,&quot;categories&quot;:[{&quot;className&quot;:&quot;org.joget.apps.userview.model.UserviewCategory&quot;,&quot;menus&quot;:[{&quot;className&quot;:&quot;org.joget.plugin.enterprise.DashboardMenu&quot;,&quot;properties&quot;:{&quot;defaultPortletWidth&quot;:&quot;1&quot;,&quot;autoHeight&quot;:&quot;true&quot;,&quot;customHeader&quot;:&quot;&lt;style&gt;\n.breadcrumb {\n    display: block;\n    text-align: right;\n    margin-bottom: 15px;\n    background-color: #ffffffba !important;\n    font-size: 90%;\n    margin-left: auto;\n    width: fit-content;\n    padding: 3px !important;\n}\na.reset_position {\n    color: white !important;\n    background-color: #00000057;\n    width: 165px;\n    padding: 5px;\n    margin-left: auto;\n}\n#page:before  {\n  background-image: url(\&quot;#appResource.desktop.jpg#\&quot;);\n  background-repeat: no-repeat, repeat;\n  background-size: cover;\n  content: \&quot;\&quot;;\n  position: fixed;\n  top: 0;\n  left: 0;\n  right: 0;\n  bottom: 0;\n}\n&lt;\/style&gt;&quot;,&quot;defaultPortletHeight&quot;:&quot;250&quot;,&quot;resizable&quot;:&quot;true&quot;,&quot;plugins&quot;:[{&quot;autoHeight&quot;:&quot;true&quot;,&quot;resizable&quot;:&quot;true&quot;,&quot;x&quot;:&quot;&quot;,&quot;width&quot;:&quot;3&quot;,&quot;y&quot;:&quot;&quot;,&quot;fixed&quot;:&quot;&quot;,&quot;userviewMenu&quot;:{&quot;className&quot;:&quot;org.joget.apps.userview.lib.HtmlPage&quot;,&quot;properties&quot;:{&quot;id&quot;:&quot;&quot;,&quot;label&quot;:&quot;#i18n.Tips to Joget administrator#&quot;,&quot;customId&quot;:&quot;&quot;,&quot;content&quot;:&quot;&lt;ul&gt;\n&lt;li&gt;#i18n.Input your Joget SMTP server configurations in# &lt;a href=\&quot;#request.contextPath?html#/web/console/setting/general\&quot;&gt;#i18n.Web Console# &amp;gt; #i18n.General Settings#&lt;\/a&gt; #i18n.to send email messages#.&lt;\/li&gt;\n&lt;li&gt;#i18n.Input an email address for admin user in# &lt;a href=\&quot;#request.contextPath?html#/web/console/directory/users\&quot;&gt;#i18n.Web Console# &amp;gt; #i18n.Setup Users#&lt;\/a&gt; #i18n.for email notification to work#.&lt;\/li&gt;\n&lt;li&gt;#i18n.Remove the permission in# &lt;a href=\&quot;#request.contextPath?html#/web/console/app/dashboard/1/processes/process1\&quot;&gt;#i18n.Web Console# &amp;gt; #i18n.Processes# &amp;gt; #i18n.Process Start White List ID#&lt;\/a&gt; #i18n.to allow public to run the# \&quot;#i18n.Register New User#\&quot; #i18n.workflow#.&lt;\/li&gt;\n&lt;\/ul&gt;&quot;}},&quot;autoReload&quot;:&quot;&quot;,&quot;height&quot;:&quot;&quot;},{&quot;autoHeight&quot;:&quot;true&quot;,&quot;resizable&quot;:&quot;true&quot;,&quot;x&quot;:&quot;&quot;,&quot;width&quot;:&quot;1&quot;,&quot;y&quot;:&quot;&quot;,&quot;fixed&quot;:&quot;&quot;,&quot;userviewMenu&quot;:{&quot;className&quot;:&quot;org.joget.apps.userview.lib.HtmlPage&quot;,&quot;properties&quot;:{&quot;id&quot;:&quot;&quot;,&quot;label&quot;:&quot;Announcements&quot;,&quot;customId&quot;:&quot;&quot;,&quot;content&quot;:&quot;&lt;div id=\&quot;landing\&quot;&gt;\n&lt;div id=\&quot;landing-title\&quot;&gt;#i18n.Welcome to the Employee Services Portal#&lt;\/div&gt;\n&lt;div id=\&quot;container\&quot;&gt;\n&lt;div id=\&quot;slides\&quot;&gt;\n&lt;div class=\&quot;slides_container\&quot;&gt;&lt;img src=\&quot;#request.contextPath#/home/landing/images/slider_01.png\&quot; alt=\&quot;Slide 1\&quot; width=\&quot;639\&quot; height=\&quot;296\&quot;&gt; &lt;img src=\&quot;#request.contextPath#/home/landing/images/slider_02.png\&quot; alt=\&quot;Slide 2\&quot; width=\&quot;639\&quot; height=\&quot;296\&quot;&gt; &lt;img src=\&quot;#request.contextPath#/home/landing/images/slider_03.png\&quot; alt=\&quot;Slide 3\&quot; width=\&quot;639\&quot; height=\&quot;296\&quot;&gt;&lt;\/div&gt;\n&lt;\/div&gt;\n&lt;\/div&gt;\n&lt;script src=\&quot;#request.contextPath#/home/landing/js/jquery.easing.1.3.js\&quot; type=\&quot;text/javascript\&quot;&gt;&lt;\/script&gt;\n&lt;script src=\&quot;#request.contextPath#/home/landing/js/slides.min.jquery.js\&quot; type=\&quot;text/javascript\&quot;&gt;&lt;\/script&gt;\n&lt;script src=\&quot;#request.contextPath#/home/landing/js/jquery.simplyscroll.min.js\&quot; type=\&quot;text/javascript\&quot;&gt;&lt;\/script&gt;\n&lt;script type=\&quot;text/javascript\&quot;&gt;// &lt;![CDATA[\n$(function(){\n            $(&apos;#slides&apos;).slides({\n                preload: true,\n                preloadImage: &apos;images/loading.gif&apos;,\n                play: 5000,\n                pause: 2500,\n                hoverPause: false\n            });\n        });\n        (function($) {\n            $(function() {\n                $(\&quot;#scroller\&quot;).simplyScroll({\n                    autoMode: &apos;loop&apos;\n                });\n            });\n        })(jQuery);\n// ]]&gt;&lt;\/script&gt;\n&lt;style&gt;\n#slides .pagination {text-align:center;display:block;}\n#slides .pagination li {margin:0 3px; display:inline;}\n#slides .pagination li.current {font-weight:bold;}\n&lt;\/style&gt;\n&lt;div class=\&quot;landing-column\&quot;&gt;\n&lt;div id=\&quot;landing-col-image\&quot;&gt;&amp;nbsp;&lt;\/div&gt;\n&lt;h3&gt;#i18n.Announcements#&lt;\/h3&gt;\n&lt;h4&gt;#i18n.New Services Published#&lt;\/h4&gt;\n&lt;ul&gt;\n&lt;li class=\&quot;ql-indent-1\&quot;&gt;#i18n.New services are now available from the published apps on the left#.&lt;\/li&gt;\n&lt;li class=\&quot;ql-indent-1\&quot;&gt;#i18n.Make requests, approvals and statuses at your convenience#&lt;\/li&gt;\n&lt;\/ul&gt;\n&lt;p&gt;&amp;nbsp;&lt;\/p&gt;\n&lt;h5&gt;#i18n.Why Use This Portal#?&lt;\/h5&gt;\n&lt;h6&gt;#i18n.Improve Communications#&lt;\/h6&gt;\n&lt;ul&gt;\n&lt;li&gt;#i18n.Improve communications within the organization#&lt;\/li&gt;\n&lt;li&gt;#i18n.Foster better collaboration and efficiency#&lt;\/li&gt;\n&lt;\/ul&gt;\n&lt;h6&gt;#i18n.Reduce Costs#&lt;\/h6&gt;\n&lt;ul&gt;\n&lt;li&gt;#i18n.Increase productivity#&lt;\/li&gt;\n&lt;li&gt;#i18n.Minimize paperwork and reduce operational costs#&lt;\/li&gt;\n&lt;\/ul&gt;\n&lt;p&gt;&amp;nbsp;&lt;\/p&gt;\n&lt;h5&gt;#i18n.How This Portal Works#&lt;\/h5&gt;\n&lt;h6&gt;#i18n.Self-Service Apps#&lt;\/h6&gt;\n&lt;ul&gt;\n&lt;li&gt;#i18n.Login using your account#&lt;\/li&gt;\n&lt;li&gt;#i18n.Access the published apps to manage your requests and information#&lt;\/li&gt;\n&lt;\/ul&gt;\n&lt;h6&gt;#i18n.Workflow Inbox and Pending Tasks#&lt;\/h6&gt;\n&lt;ul&gt;\n&lt;li&gt;#i18n.Manage your task inbox#&lt;\/li&gt;\n&lt;li&gt;#i18n.Get notified of pending tasks#&lt;\/li&gt;\n&lt;li&gt;#i18n.Participate in workflow processes#&lt;\/li&gt;\n&lt;\/ul&gt;\n&lt;\/div&gt;\n&lt;\/div&gt;&quot;}},&quot;autoReload&quot;:&quot;&quot;,&quot;height&quot;:&quot;&quot;},{&quot;autoHeight&quot;:&quot;&quot;,&quot;resizable&quot;:&quot;true&quot;,&quot;x&quot;:&quot;&quot;,&quot;width&quot;:&quot;1&quot;,&quot;y&quot;:&quot;&quot;,&quot;fixed&quot;:&quot;&quot;,&quot;userviewMenu&quot;:{&quot;className&quot;:&quot;org.joget.apps.userview.lib.HtmlPage&quot;,&quot;properties&quot;:{&quot;id&quot;:&quot;&quot;,&quot;label&quot;:&quot;Published Apps&quot;,&quot;customId&quot;:&quot;&quot;,&quot;content&quot;:&quot;&lt;p&gt;#i18n.Fast, efficient online service for your needs#&lt;\/p&gt;\n&lt;ul id=\&quot;published-apps\&quot; class=\&quot;landing-ul\&quot;&gt;&lt;\/ul&gt;\n&lt;p&gt;&lt;\/p&gt;&quot;}},&quot;autoReload&quot;:&quot;&quot;,&quot;height&quot;:&quot;550&quot;},{&quot;autoHeight&quot;:&quot;true&quot;,&quot;resizable&quot;:&quot;true&quot;,&quot;x&quot;:&quot;&quot;,&quot;width&quot;:&quot;1&quot;,&quot;y&quot;:&quot;&quot;,&quot;fixed&quot;:&quot;&quot;,&quot;userviewMenu&quot;:{&quot;className&quot;:&quot;org.joget.apps.userview.lib.HtmlPage&quot;,&quot;properties&quot;:{&quot;id&quot;:&quot;&quot;,&quot;label&quot;:&quot;#i18n.Joget Resources#&quot;,&quot;customId&quot;:&quot;&quot;,&quot;content&quot;:&quot;&lt;ul style=\&quot;line-height: 2.0;\&quot;&gt;\n&lt;li&gt;&lt;a href=\&quot;https://www.joget.com/\&quot; target=\&quot;_blank\&quot; rel=\&quot;noopener\&quot;&gt;#i18n.Joget Home#&lt;\/a&gt;&lt;\/li&gt;\n&lt;li&gt;&lt;a href=\&quot;https://www.joget.org/download/\&quot; target=\&quot;_blank\&quot; rel=\&quot;noopener\&quot;&gt;#i18n.Joget Downloads#&lt;\/a&gt;&lt;\/li&gt;\n&lt;li&gt;&lt;a href=\&quot;http://www.jogetcloud.com/\&quot; target=\&quot;_blank\&quot; rel=\&quot;noopener\&quot;&gt;#i18n.Joget Cloud#&lt;\/a&gt;&lt;\/li&gt;\n&lt;li&gt;&lt;a href=\&quot;https://academy.joget.com/\&quot; target=\&quot;_blank\&quot; rel=\&quot;noopener\&quot;&gt;#i18n.Joget Academy#&lt;\/a&gt;&lt;\/li&gt;\n&lt;li&gt;&lt;a href=\&quot;https://www.youtube.com/user/jogetworkflow\&quot; target=\&quot;_blank\&quot; rel=\&quot;noopener\&quot;&gt;#i18n.Joget Videos#&lt;\/a&gt;&lt;\/li&gt;\n&lt;li&gt;&lt;a href=\&quot;https://marketplace.joget.org\&quot; target=\&quot;_blank\&quot; rel=\&quot;noopener\&quot;&gt;#i18n.Joget Marketplace#&lt;\/a&gt;&lt;\/li&gt;\n&lt;li&gt;&lt;a href=\&quot;https://community.joget.org\&quot; target=\&quot;_blank\&quot; rel=\&quot;noopener\&quot;&gt;#i18n.Joget Knowledge Base#&lt;\/a&gt;&lt;\/li&gt;\n&lt;li&gt;&lt;a href=\&quot;http://answer.joget.org\&quot; target=\&quot;_blank\&quot; rel=\&quot;noopener\&quot;&gt;#i18n.Joget Answers#&lt;\/a&gt;&lt;\/li&gt;\n&lt;li&gt;&lt;a href=\&quot;http://blog.joget.org/\&quot; target=\&quot;_blank\&quot; rel=\&quot;noopener\&quot;&gt;#i18n.Joget Blog#&lt;\/a&gt;&lt;\/li&gt;\n&lt;li&gt;&lt;a href=\&quot;https://play.google.com/store/apps/details?id=org.joget.mobile&amp;amp;hl=en\&quot; target=\&quot;_blank\&quot; rel=\&quot;noopener\&quot;&gt;#i18n.Joget Mobile Android App#&lt;\/a&gt;&lt;\/li&gt;\n&lt;li&gt;&lt;a href=\&quot;https://itunes.apple.com/us/app/joget-workflow-mobile/id1084995640?mt=8\&quot; target=\&quot;_blank\&quot; rel=\&quot;noopener\&quot;&gt;#i18n.Joget Mobile iOS App#&lt;\/a&gt;&lt;\/li&gt;\n&lt;li&gt;&lt;a href=\&quot;https://github.com/jogetworkflow/\&quot; target=\&quot;_blank\&quot; rel=\&quot;noopener\&quot;&gt;#i18n.Joget Open Source Repository#&lt;\/a&gt;&lt;\/li&gt;\n&lt;li&gt;&lt;a href=\&quot;https://translate.joget.org\&quot; target=\&quot;_blank\&quot; rel=\&quot;noopener\&quot;&gt;#i18n.Joget Translations#&lt;\/a&gt;&lt;\/li&gt;\n&lt;li&gt;&lt;a href=\&quot;http://joget.org/buy-enterprise-edition-license/\&quot; target=\&quot;_blank\&quot; rel=\&quot;noopener\&quot;&gt;#i18n.Purchase Joget License#&lt;\/a&gt;&lt;\/li&gt;\n&lt;\/ul&gt;&quot;}},&quot;autoReload&quot;:&quot;&quot;,&quot;height&quot;:&quot;&quot;}],&quot;customFooter&quot;:&quot;&quot;,&quot;enableOffline&quot;:&quot;&quot;,&quot;label&quot;:&quot;Dashboard&quot;,&quot;customId&quot;:&quot;d&quot;,&quot;mode&quot;:&quot;plugins&quot;,&quot;userviewCacheDuration&quot;:&quot;10&quot;,&quot;userviewCacheScope&quot;:&quot;application&quot;,&quot;userviewId&quot;:&quot;DashboardTemplate&quot;,&quot;id&quot;:&quot;525CD003EAB44123B5AD50839A706BC8&quot;,&quot;customPortletSetting&quot;:[{&quot;autoHeight&quot;:&quot;true&quot;,&quot;resizable&quot;:&quot;true&quot;,&quot;width&quot;:&quot;2&quot;,&quot;x&quot;:&quot;&quot;,&quot;menuID&quot;:&quot;1&quot;,&quot;y&quot;:&quot;&quot;,&quot;fixed&quot;:&quot;false&quot;,&quot;autoReload&quot;:&quot;&quot;,&quot;height&quot;:&quot;&quot;},{&quot;autoHeight&quot;:&quot;false&quot;,&quot;resizable&quot;:&quot;true&quot;,&quot;width&quot;:&quot;1&quot;,&quot;x&quot;:&quot;&quot;,&quot;menuID&quot;:&quot;2&quot;,&quot;y&quot;:&quot;&quot;,&quot;fixed&quot;:&quot;false&quot;,&quot;autoReload&quot;:&quot;&quot;,&quot;height&quot;:&quot;600&quot;}]}}],&quot;properties&quot;:{&quot;id&quot;:&quot;category-F67068B033654C1D83A7E5A2D0567C37&quot;,&quot;label&quot;:&quot;Home&quot;}},{&quot;className&quot;:&quot;org.joget.apps.userview.model.UserviewCategory&quot;,&quot;menus&quot;:[{&quot;className&quot;:&quot;org.joget.apps.userview.lib.RunProcess&quot;,&quot;properties&quot;:{&quot;runProcessDirectly&quot;:&quot;Yes&quot;,&quot;fieldPassoverMethod&quot;:&quot;append&quot;,&quot;keyName&quot;:&quot;&quot;,&quot;label&quot;:&quot;Register New User&quot;,&quot;paramName&quot;:&quot;&quot;,&quot;customId&quot;:&quot;registration&quot;,&quot;messageShowAfterComplete&quot;:&quot;Thank you for your registration. You will receive a confirmation email on approval by administrator.&quot;,&quot;userviewCacheDuration&quot;:&quot;20&quot;,&quot;showInPopupDialog&quot;:&quot;Yes&quot;,&quot;userviewCacheScope&quot;:&quot;&quot;,&quot;runProcessSubmitLabel&quot;:&quot;&quot;,&quot;id&quot;:&quot;D06EC51AA6B948718E4DAC615D434100&quot;,&quot;fieldPassover&quot;:&quot;d&quot;,&quot;processDefId&quot;:&quot;process1&quot;,&quot;redirectUrlAfterComplete&quot;:&quot;d&quot;}}],&quot;properties&quot;:{&quot;hide&quot;:&quot;&quot;,&quot;permission&quot;:{&quot;className&quot;:&quot;org.joget.plugin.enterprise.AnonymousUserviewPermission&quot;,&quot;properties&quot;:{}},&quot;id&quot;:&quot;category-8300FFD168AC4A218781A9810D72F50B&quot;,&quot;label&quot;:&quot; &quot;}},{&quot;className&quot;:&quot;org.joget.apps.userview.model.UserviewCategory&quot;,&quot;menus&quot;:[{&quot;className&quot;:&quot;org.joget.apps.userview.lib.Link&quot;,&quot;properties&quot;:{&quot;userviewCacheDuration&quot;:&quot;20&quot;,&quot;userviewCacheScope&quot;:&quot;&quot;,&quot;enableOffline&quot;:&quot;&quot;,&quot;id&quot;:&quot;6EA71723CE95433FB785996CAAEA5268&quot;,&quot;label&quot;:&quot;App Center&quot;,&quot;customId&quot;:&quot;ac&quot;,&quot;url&quot;:&quot;#request.contextPath#&quot;,&quot;target&quot;:&quot;blank&quot;}}],&quot;properties&quot;:{&quot;hide&quot;:&quot;&quot;,&quot;permission&quot;:{&quot;className&quot;:&quot;org.joget.plugin.enterprise.AdminUserviewPermission&quot;,&quot;properties&quot;:{}},&quot;id&quot;:&quot;category-02E30C12872748C39B76E323540CC888&quot;,&quot;label&quot;:&quot; &quot;}},{&quot;className&quot;:&quot;org.joget.apps.userview.model.UserviewCategory&quot;,&quot;menus&quot;:[{&quot;className&quot;:&quot;org.joget.plugin.enterprise.UserProfileMenu&quot;,&quot;properties&quot;:{&quot;redirectURL&quot;:&quot;&quot;,&quot;f_password&quot;:&quot;&quot;,&quot;f_firstName&quot;:&quot;&quot;,&quot;f_timeZone&quot;:&quot;&quot;,&quot;label&quot;:&quot;My Profile&quot;,&quot;message&quot;:&quot;Profile Updated&quot;,&quot;customId&quot;:&quot;myprofile&quot;,&quot;f_locale&quot;:&quot;&quot;,&quot;f_lastName&quot;:&quot;&quot;,&quot;userviewCacheDuration&quot;:&quot;20&quot;,&quot;showInPopupDialog&quot;:&quot;&quot;,&quot;userviewCacheScope&quot;:&quot;&quot;,&quot;f_email&quot;:&quot;&quot;,&quot;id&quot;:&quot;99F2A55DB44F4FE0956DE810456D640F&quot;,&quot;f_username&quot;:&quot;&quot;}}],&quot;properties&quot;:{&quot;hide&quot;:&quot;&quot;,&quot;permission&quot;:{&quot;className&quot;:&quot;org.joget.apps.userview.lib.LoggedInUserPermission&quot;,&quot;properties&quot;:{}},&quot;id&quot;:&quot;category-18AF8F7D16BA4FA5B6565638548508D3&quot;,&quot;label&quot;:&quot; &quot;}},{&quot;className&quot;:&quot;org.joget.apps.userview.model.UserviewCategory&quot;,&quot;menus&quot;:[{&quot;className&quot;:&quot;org.joget.plugin.enterprise.DataListInboxMenu&quot;,&quot;properties&quot;:{&quot;appFilter&quot;:&quot;process&quot;,&quot;list-customFooter&quot;:&quot;&quot;,&quot;cacheAllLinks&quot;:&quot;&quot;,&quot;assignment-customHeader&quot;:&quot;&quot;,&quot;keyName&quot;:&quot;&quot;,&quot;assignment-customFooter&quot;:&quot;&quot;,&quot;enableOffline&quot;:&quot;&quot;,&quot;label&quot;:&quot;User Register Approval&quot;,&quot;customId&quot;:&quot;user_approval&quot;,&quot;datalistId&quot;:&quot;user_list&quot;,&quot;showDetail&quot;:&quot;&quot;,&quot;userviewCacheDuration&quot;:&quot;20&quot;,&quot;cacheListAction&quot;:&quot;&quot;,&quot;processId&quot;:&quot;process1&quot;,&quot;userviewCacheScope&quot;:&quot;&quot;,&quot;showPopup&quot;:&quot;&quot;,&quot;id&quot;:&quot;CA170C6215434A4292C775DD89AB32B3&quot;,&quot;rowCount&quot;:&quot;true&quot;,&quot;list-customHeader&quot;:&quot;&lt;h2&gt;#i18n.User Register Approval Inbox#&lt;\/h2&gt;&quot;}}],&quot;properties&quot;:{&quot;hide&quot;:&quot;&quot;,&quot;permission&quot;:{&quot;className&quot;:&quot;org.joget.plugin.enterprise.AdminUserviewPermission&quot;,&quot;properties&quot;:{}},&quot;id&quot;:&quot;category-566A2DBBBA8C4217A199561406DDCBBC&quot;,&quot;label&quot;:&quot; &quot;}}],&quot;properties&quot;:{&quot;logoutText&quot;:&quot;Logout&quot;,&quot;welcomeMessage&quot;:&quot;#date.EEE, d MMM yyyy#&quot;,&quot;name&quot;:&quot; #i18n.Employee Services Portal#&quot;,&quot;description&quot;:&quot;Center for Employee Self Service&quot;,&quot;footerMessage&quot;:&quot;&lt;a href=\&quot;http://joget.org/\&quot; target=\&quot;_blank\&quot;&gt;Powered by Joget&lt;\/a&gt;&quot;,&quot;id&quot;:&quot;home&quot;},&quot;setting&quot;:{&quot;properties&quot;:{&quot;__&quot;:&quot;&quot;,&quot;userviewDescription&quot;:&quot;&quot;,&quot;userviewId&quot;:&quot;home&quot;,&quot;hideThisUserviewInAppCenter&quot;:&quot;&quot;,&quot;userview_thumbnail&quot;:&quot;#appResource.esp_icon.png#&quot;,&quot;userview_category&quot;:&quot;&quot;,&quot;permission&quot;:{&quot;className&quot;:&quot;&quot;,&quot;properties&quot;:{}},&quot;theme&quot;:{&quot;className&quot;:&quot;org.joget.plugin.enterprise.Dx8ColorAdminTheme&quot;,&quot;properties&quot;:{&quot;dx8navBadge&quot;:&quot;&quot;,&quot;css&quot;:&quot;&quot;,&quot;loginBackground&quot;:&quot;#appResource.employee-pixel.jpg#&quot;,&quot;disablePush&quot;:&quot;&quot;,&quot;dx8navLinkColor&quot;:&quot;&quot;,&quot;removeAssignmentTitle&quot;:&quot;&quot;,&quot;shortcutLinkLabel&quot;:&quot;Shortcut&quot;,&quot;disableHelpGuide&quot;:&quot;&quot;,&quot;logo&quot;:&quot;#appResource.esp_icon.png#&quot;,&quot;enableResponsiveSwitch&quot;:&quot;true&quot;,&quot;dx8headerFontColor&quot;:&quot;&quot;,&quot;fav_icon&quot;:&quot;#appResource.esp_icon.png#&quot;,&quot;dx8navLinkIcon&quot;:&quot;&quot;,&quot;horizontal_menu&quot;:&quot;true&quot;,&quot;profile&quot;:&quot;&quot;,&quot;homeAttractBanner&quot;:&quot;&quot;,&quot;dx8headingBgColor&quot;:&quot;&quot;,&quot;dx8linkColor&quot;:&quot;&quot;,&quot;homeUrl&quot;:&quot;&quot;,&quot;dx8linkActiveColor&quot;:&quot;&quot;,&quot;disablePwa&quot;:&quot;&quot;,&quot;dx8footerColor&quot;:&quot;&quot;,&quot;subheader&quot;:&quot;&quot;,&quot;dx8contentbackground&quot;:&quot;&quot;,&quot;loginPageBottom&quot;:&quot;&quot;,&quot;dx8backgroundImage&quot;:&quot;&quot;,&quot;dx8navBadgeText&quot;:&quot;&quot;,&quot;dx8background&quot;:&quot;&quot;,&quot;dx8headerColor&quot;:&quot;&quot;,&quot;dx8colorScheme&quot;:&quot;rgb(233, 233, 233);rgb(255, 255, 255);rgb(170, 190, 178);rgb(0, 101, 45);rgb(1, 64, 72);rgb(255, 87, 34)&quot;,&quot;dx8navBackground&quot;:&quot;&quot;,&quot;js&quot;:&quot;&quot;,&quot;dx8navActiveIconColor&quot;:&quot;&quot;,&quot;dx8navScrollbarThumb&quot;:&quot;&quot;,&quot;loginPageTop&quot;:&quot;&quot;,&quot;urlsToCache&quot;:&quot;&quot;,&quot;userMenu&quot;:[],&quot;dx8buttonColor&quot;:&quot;&quot;,&quot;shortcut&quot;:[],&quot;userImage&quot;:&quot;&quot;,&quot;fontControl&quot;:&quot;&quot;,&quot;usingLocalFonts&quot;:&quot;&quot;,&quot;dx8navActiveLinkBackground&quot;:&quot;&quot;,&quot;dx8fontColor&quot;:&quot;&quot;,&quot;dx8navLinkBackground&quot;:&quot;&quot;,&quot;dx8buttonBackground&quot;:&quot;&quot;,&quot;dx8contentFontColor&quot;:&quot;&quot;,&quot;subfooter&quot;:&quot;&quot;,&quot;dx8footerBackground&quot;:&quot;&quot;,&quot;dx8headingFontColor&quot;:&quot;&quot;,&quot;dx8primaryColor&quot;:&quot;&quot;,&quot;darkMode&quot;:&quot;&quot;,&quot;dx8navActiveLinkColor&quot;:&quot;&quot;,&quot;inbox&quot;:&quot;current&quot;}},&quot;userviewName&quot;:&quot;Employee Services Portal&quot;}}}</json>
         <dateCreated class="java.sql.Timestamp">2024-04-16 07:20:35.0 UTC</dateCreated>
         <dateModified class="java.sql.Timestamp">2024-04-18 01:58:21.0 UTC</dateModified>
      </userviewDefinition>
   </userviewDefinitionList>
   <datalistDefinitionList>
      <datalistDefinition>
         <id>user_list</id>
         <appId>dashboard</appId>
         <appVersion>1</appVersion>
         <name>User Registration List</name>
         <json>{&quot;id&quot;:&quot;user_list&quot;,&quot;name&quot;:&quot;User Registration List&quot;,&quot;pageSize&quot;:&quot;0&quot;,&quot;order&quot;:&quot;1&quot;,&quot;orderBy&quot;:&quot;dateCreated&quot;,&quot;showPageSizeSelector&quot;:&quot;true&quot;,&quot;pageSizeSelectorOptions&quot;:&quot;10,20,30,40,50,100&quot;,&quot;buttonPosition&quot;:&quot;bottomLeft&quot;,&quot;checkboxPosition&quot;:&quot;left&quot;,&quot;useSession&quot;:&quot;&quot;,&quot;hidePageSize&quot;:&quot;&quot;,&quot;description&quot;:&quot;&quot;,&quot;showDataWhenFilterSet&quot;:&quot;&quot;,&quot;rowActions&quot;:[],&quot;actions&quot;:[],&quot;filters&quot;:[{&quot;id&quot;:&quot;filter_0&quot;,&quot;name&quot;:&quot;username&quot;,&quot;label&quot;:&quot;Desired Username&quot;}],&quot;binder&quot;:{&quot;className&quot;:&quot;org.joget.plugin.enterprise.AdvancedFormRowDataListBinder&quot;,&quot;properties&quot;:{&quot;formDefId&quot;:&quot;user_approval&quot;,&quot;joins&quot;:[],&quot;filters&quot;:[],&quot;extraCondition&quot;:&quot;&quot;,&quot;groupBy&quot;:&quot;&quot;,&quot;functionColumns&quot;:[],&quot;customSelectionValue&quot;:&quot;&quot;}},&quot;columns&quot;:[{&quot;id&quot;:&quot;column_6&quot;,&quot;label&quot;:&quot;Desired Username&quot;,&quot;name&quot;:&quot;username&quot;},{&quot;id&quot;:&quot;column_2&quot;,&quot;label&quot;:&quot;First Name&quot;,&quot;name&quot;:&quot;firstName&quot;},{&quot;id&quot;:&quot;column_1&quot;,&quot;label&quot;:&quot;Last Name&quot;,&quot;name&quot;:&quot;lastName&quot;},{&quot;id&quot;:&quot;column_3&quot;,&quot;label&quot;:&quot;Email&quot;,&quot;name&quot;:&quot;email&quot;},{&quot;id&quot;:&quot;column_0&quot;,&quot;datalist_type&quot;:&quot;column&quot;,&quot;name&quot;:&quot;status&quot;,&quot;label&quot;:&quot;Status&quot;,&quot;sortable&quot;:&quot;false&quot;,&quot;hidden&quot;:&quot;false&quot;,&quot;exclude_export&quot;:&quot;&quot;,&quot;width&quot;:&quot;&quot;,&quot;style&quot;:&quot;&quot;,&quot;alignment&quot;:&quot;&quot;,&quot;headerAlignment&quot;:&quot;&quot;,&quot;action&quot;:{&quot;className&quot;:&quot;&quot;,&quot;properties&quot;:{}},&quot;format&quot;:{&quot;className&quot;:&quot;org.joget.apps.datalist.lib.DefaultFormatter&quot;,&quot;properties&quot;:{&quot;formatting&quot;:&quot;b&quot;,&quot;size&quot;:&quot;&quot;,&quot;color&quot;:&quot;&quot;,&quot;formDefId&quot;:&quot;&quot;,&quot;field&quot;:&quot;&quot;}}},{&quot;id&quot;:&quot;column_4&quot;,&quot;label&quot;:&quot;Date Created&quot;,&quot;name&quot;:&quot;dateCreated&quot;}]}</json>
         <dateCreated class="java.sql.Timestamp">2024-04-16 07:20:35.0 UTC</dateCreated>
         <dateModified class="java.sql.Timestamp">2024-04-16 07:20:35.0 UTC</dateModified>
      </datalistDefinition>
   </datalistDefinitionList>
   <!--builderDefinitionList>
      <builderDefinition>
         <id>up-525CD003EAB44123B5AD50839A706BC8</id>
         <appId>dashboard</appId>
         <appVersion>1</appVersion>
         <name>Dashboard</name>
         <type>INTERNAL_USERVIEW_PAGE</type>
         <json>{&quot;elements&quot;:[{&quot;className&quot;:&quot;menu-component&quot;},{&quot;className&quot;:&quot;org.joget.plugin.enterprise.HtmlCodeComponent&quot;,&quot;properties&quot;:{&quot;attr-data-events-listening&quot;:[],&quot;textContent&quot;:&quot;&lt;script type=\&quot;text/javascript\&quot;&gt;// &lt;![CDATA[\r\n    function loadApps() {\r\n        // show loading icon\r\n        $(\&quot;#published-apps\&quot;).empty();\r\n        var loading = $(&apos;&lt;div id=\&quot;apps-loading\&quot;&gt;&lt;img src=\&quot;#request.contextPath#/images/v3/portlet_loading.gif\&quot; /&gt;&lt;\/div&gt;&apos;);\r\n        $(\&quot;#published-apps\&quot;).append(loading);\r\n                                    \r\n        // load JSON\r\n        $.ajax({ \r\n            url : \&quot;#request.contextPath#/web/json/apps/published/userviews\&quot;,\r\n            dataType:&apos;jsonp&apos;,\r\n            success:function(data) {\r\n                var content = \&quot;\&quot;;\r\n                var apps = data.apps;\r\n                for( var i=0; i&lt;apps.length; i++) {\r\n                    // add app\r\n                    var app = apps[i];\r\n                    content += &apos;&lt;li&gt;&lt;h3&gt;&apos; + app.name + &apos;&lt;\/h3&gt;&lt;ul class=\&quot;landing-ul2\&quot;&gt;&apos;;\r\n                    // add userviews\r\n                    var userviews = apps[i].userviews;\r\n                    for( var j=0; j&lt;userviews.length; j++){\r\n                        var uv = userviews[j];\r\n                        content += &apos;&lt;li&gt;&lt;a target=\&quot;_blank\&quot; href=\&quot;&apos; + uv.url + &apos;\&quot;&gt;\\\r\n                                                        &lt;span class=\&quot;landing-li-title\&quot;&gt;&apos; + uv.name + &apos;&lt;\/span&gt;\\\r\n                                                        &lt;\/a&gt;&lt;\/li&gt;&apos;;\r\n                    }\r\n                    content += \&quot;&lt;\/ul&gt;\&quot;;\r\n                }\r\n\r\n                // show apps, hide loading icon\r\n                $(loading).remove();\r\n                $(\&quot;#published-apps\&quot;).append($(content));\r\n            }\r\n        });\r\n    }\r\n    $(document).ready(loadApps);\r\n    // ]]&gt;&lt;\/script&gt;&quot;,&quot;id&quot;:&quot;B542EAC943B44A3BB939FB9601303A75&quot;,&quot;customId&quot;:&quot;&quot;}}],&quot;className&quot;:&quot;org.joget.apps.userview.model.UserviewPage&quot;,&quot;properties&quot;:{&quot;id&quot;:&quot;up-525CD003EAB44123B5AD50839A706BC8&quot;}}</json>
         <description>home</description>
         <dateCreated class="java.sql.Timestamp">2024-04-16 07:20:35.0 UTC</dateCreated>
         <dateModified class="java.sql.Timestamp">2024-04-18 01:58:19.0 UTC</dateModified>
      </builderDefinition>
   </builderDefinitionList-->
   <pluginDefaultPropertiesList/>
   <environmentVariableList>
      <environmentVariable>
         <id>AppName</id>
         <appId>dashboard</appId>
         <appVersion>1</appVersion>
         <value>Employee Portal</value>
      </environmentVariable>
   </environmentVariableList>
   <messageList>
      <message>
         <id>&lt;i class=&apos;icon-home&apos;&gt;&lt;/i&gt; Home_zh_CN</id>
         <appId>dashboard</appId>
         <appVersion>1</appVersion>
         <messageKey>&lt;i class=&apos;icon-home&apos;&gt;&lt;/i&gt; Home</messageKey>
         <locale>zh_CN</locale>
         <message>&lt;i class=&apos;icon-home&apos;&gt;&lt;/i&gt; 首页</message>
      </message>
      <message>
         <id>Access the published apps to manage your requests and information_zh_CN</id>
         <appId>dashboard</appId>
         <appVersion>1</appVersion>
         <messageKey>Access the published apps to manage your requests and information</messageKey>
         <locale>zh_CN</locale>
         <message>访问已发布应用来管理您的请求和信息</message>
      </message>
      <message>
         <id>Announcements_zh_CN</id>
         <appId>dashboard</appId>
         <appVersion>1</appVersion>
         <messageKey>Announcements</messageKey>
         <locale>zh_CN</locale>
         <message>公告</message>
      </message>
      <message>
         <id>App Center_zh_CN</id>
         <appId>dashboard</appId>
         <appVersion>1</appVersion>
         <messageKey>App Center</messageKey>
         <locale>zh_CN</locale>
         <message>应用中心</message>
      </message>
      <message>
         <id>Approval Section_zh_CN</id>
         <appId>dashboard</appId>
         <appVersion>1</appVersion>
         <messageKey>Approval Section</messageKey>
         <locale>zh_CN</locale>
         <message>审批内容</message>
      </message>
      <message>
         <id>Approved_zh_CN</id>
         <appId>dashboard</appId>
         <appVersion>1</appVersion>
         <messageKey>Approved</messageKey>
         <locale>zh_CN</locale>
         <message>已审批</message>
      </message>
      <message>
         <id>Comments_zh_CN</id>
         <appId>dashboard</appId>
         <appVersion>1</appVersion>
         <messageKey>Comments</messageKey>
         <locale>zh_CN</locale>
         <message>评论</message>
      </message>
      <message>
         <id>Confirmation_zh_CN</id>
         <appId>dashboard</appId>
         <appVersion>1</appVersion>
         <messageKey>Confirmation</messageKey>
         <locale>zh_CN</locale>
         <message>确认</message>
      </message>
      <message>
         <id>Dashboard_zh_CN</id>
         <appId>dashboard</appId>
         <appVersion>1</appVersion>
         <messageKey>Dashboard</messageKey>
         <locale>zh_CN</locale>
         <message>仪表板</message>
      </message>
      <message>
         <id>Date Created_zh_CN</id>
         <appId>dashboard</appId>
         <appVersion>1</appVersion>
         <messageKey>Date Created</messageKey>
         <locale>zh_CN</locale>
         <message>创建日期</message>
      </message>
      <message>
         <id>Desired Username_zh_CN</id>
         <appId>dashboard</appId>
         <appVersion>1</appVersion>
         <messageKey>Desired Username</messageKey>
         <locale>zh_CN</locale>
         <message>用户名</message>
      </message>
      <message>
         <id>Email_zh_CN</id>
         <appId>dashboard</appId>
         <appVersion>1</appVersion>
         <messageKey>Email</messageKey>
         <locale>zh_CN</locale>
         <message>邮箱</message>
      </message>
      <message>
         <id>Employee Services Portal_zh_CN</id>
         <appId>dashboard</appId>
         <appVersion>1</appVersion>
         <messageKey>Employee Services Portal</messageKey>
         <locale>zh_CN</locale>
         <message>员工服务门户</message>
      </message>
      <message>
         <id>Fast, efficient online service for your needs_zh_CN</id>
         <appId>dashboard</appId>
         <appVersion>1</appVersion>
         <messageKey>Fast, efficient online service for your needs</messageKey>
         <locale>zh_CN</locale>
         <message>快速、高效的在线服务满足您的需求</message>
      </message>
      <message>
         <id>First Name_zh_CN</id>
         <appId>dashboard</appId>
         <appVersion>1</appVersion>
         <messageKey>First Name</messageKey>
         <locale>zh_CN</locale>
         <message>名字</message>
      </message>
      <message>
         <id>for email notification to work_zh_CN</id>
         <appId>dashboard</appId>
         <appVersion>1</appVersion>
         <messageKey>for email notification to work</messageKey>
         <locale>zh_CN</locale>
         <message>中给admin用户配置邮箱地址来获取邮件通知</message>
      </message>
      <message>
         <id>Foster better collaboration and efficiency_zh_CN</id>
         <appId>dashboard</appId>
         <appVersion>1</appVersion>
         <messageKey>Foster better collaboration and efficiency</messageKey>
         <locale>zh_CN</locale>
         <message>促进更好的协作并提升效率</message>
      </message>
      <message>
         <id>General Services_zh_CN</id>
         <appId>dashboard</appId>
         <appVersion>1</appVersion>
         <messageKey>General Services</messageKey>
         <locale>zh_CN</locale>
         <message>通用服务</message>
      </message>
      <message>
         <id>General Settings_zh_CN</id>
         <appId>dashboard</appId>
         <appVersion>1</appVersion>
         <messageKey>General Settings</messageKey>
         <locale>zh_CN</locale>
         <message>设置</message>
      </message>
      <message>
         <id>Get notified of pending tasks_zh_CN</id>
         <appId>dashboard</appId>
         <appVersion>1</appVersion>
         <messageKey>Get notified of pending tasks</messageKey>
         <locale>zh_CN</locale>
         <message>获得待办任务的通知</message>
      </message>
      <message>
         <id>Hidden_zh_CN</id>
         <appId>dashboard</appId>
         <appVersion>1</appVersion>
         <messageKey>Hidden</messageKey>
         <locale>zh_CN</locale>
         <message>隐藏</message>
      </message>
      <message>
         <id>Home_zh_CN</id>
         <appId>dashboard</appId>
         <appVersion>1</appVersion>
         <messageKey>Home</messageKey>
         <locale>zh_CN</locale>
         <message>首页</message>
      </message>
      <message>
         <id>How This Portal Works_zh_CN</id>
         <appId>dashboard</appId>
         <appVersion>1</appVersion>
         <messageKey>How This Portal Works</messageKey>
         <locale>zh_CN</locale>
         <message>此门户是如何运作的</message>
      </message>
      <message>
         <id>HR Apps_zh_CN</id>
         <appId>dashboard</appId>
         <appVersion>1</appVersion>
         <messageKey>HR Apps</messageKey>
         <locale>zh_CN</locale>
         <message>人力资源应用</message>
      </message>
      <message>
         <id>Improve communications within the organization_zh_CN</id>
         <appId>dashboard</appId>
         <appVersion>1</appVersion>
         <messageKey>Improve communications within the organization</messageKey>
         <locale>zh_CN</locale>
         <message>优化组织内部沟通</message>
      </message>
      <message>
         <id>Improve Communications_zh_CN</id>
         <appId>dashboard</appId>
         <appVersion>1</appVersion>
         <messageKey>Improve Communications</messageKey>
         <locale>zh_CN</locale>
         <message>改善沟通</message>
      </message>
      <message>
         <id>Inbox_zh_CN</id>
         <appId>dashboard</appId>
         <appVersion>1</appVersion>
         <messageKey>Inbox</messageKey>
         <locale>zh_CN</locale>
         <message>待办任务</message>
      </message>
      <message>
         <id>Increase productivity_zh_CN</id>
         <appId>dashboard</appId>
         <appVersion>1</appVersion>
         <messageKey>Increase productivity</messageKey>
         <locale>zh_CN</locale>
         <message>提高生产率</message>
      </message>
      <message>
         <id>Input an email address for admin user in_zh_CN</id>
         <appId>dashboard</appId>
         <appVersion>1</appVersion>
         <messageKey>Input an email address for admin user in</messageKey>
         <locale>zh_CN</locale>
         <message>在</message>
      </message>
      <message>
         <id>Input your Joget SMTP server configurations in_zh_CN</id>
         <appId>dashboard</appId>
         <appVersion>1</appVersion>
         <messageKey>Input your Joget SMTP server configurations in</messageKey>
         <locale>zh_CN</locale>
         <message>在</message>
      </message>
      <message>
         <id>Joget Academy_zh_CN</id>
         <appId>dashboard</appId>
         <appVersion>1</appVersion>
         <messageKey>Joget Academy</messageKey>
         <locale>zh_CN</locale>
         <message>Joget学院</message>
      </message>
      <message>
         <id>Joget Answers_zh_CN</id>
         <appId>dashboard</appId>
         <appVersion>1</appVersion>
         <messageKey>Joget Answers</messageKey>
         <locale>zh_CN</locale>
         <message>Joget疑问解答</message>
      </message>
      <message>
         <id>Joget Apps Marketplace_zh_CN</id>
         <appId>dashboard</appId>
         <appVersion>1</appVersion>
         <messageKey>Joget Apps Marketplace</messageKey>
         <locale>zh_CN</locale>
         <message>Joget应用市场</message>
      </message>
      <message>
         <id>Joget Blog_zh_CN</id>
         <appId>dashboard</appId>
         <appVersion>1</appVersion>
         <messageKey>Joget Blog</messageKey>
         <locale>zh_CN</locale>
         <message>Joget博客</message>
      </message>
      <message>
         <id>Joget Cloud_zh_CN</id>
         <appId>dashboard</appId>
         <appVersion>1</appVersion>
         <messageKey>Joget Cloud</messageKey>
         <locale>zh_CN</locale>
         <message>Joget云</message>
      </message>
      <message>
         <id>Joget Downloads_zh_CN</id>
         <appId>dashboard</appId>
         <appVersion>1</appVersion>
         <messageKey>Joget Downloads</messageKey>
         <locale>zh_CN</locale>
         <message>Joget资源下载</message>
      </message>
      <message>
         <id>Joget Home_zh_CN</id>
         <appId>dashboard</appId>
         <appVersion>1</appVersion>
         <messageKey>Joget Home</messageKey>
         <locale>zh_CN</locale>
         <message>Joget主页</message>
      </message>
      <message>
         <id>Joget Knowledge Base_zh_CN</id>
         <appId>dashboard</appId>
         <appVersion>1</appVersion>
         <messageKey>Joget Knowledge Base</messageKey>
         <locale>zh_CN</locale>
         <message>Joget知识库</message>
      </message>
      <message>
         <id>Joget Mobile Android App_zh_CN</id>
         <appId>dashboard</appId>
         <appVersion>1</appVersion>
         <messageKey>Joget Mobile Android App</messageKey>
         <locale>zh_CN</locale>
         <message>Joget安卓应用</message>
      </message>
      <message>
         <id>Joget Mobile iOS App_zh_CN</id>
         <appId>dashboard</appId>
         <appVersion>1</appVersion>
         <messageKey>Joget Mobile iOS App</messageKey>
         <locale>zh_CN</locale>
         <message>Joget苹果应用</message>
      </message>
      <message>
         <id>Joget Open Source Repository_zh_CN</id>
         <appId>dashboard</appId>
         <appVersion>1</appVersion>
         <messageKey>Joget Open Source Repository</messageKey>
         <locale>zh_CN</locale>
         <message>Joget开源仓库</message>
      </message>
      <message>
         <id>Joget Resources_zh_CN</id>
         <appId>dashboard</appId>
         <appVersion>1</appVersion>
         <messageKey>Joget Resources</messageKey>
         <locale>zh_CN</locale>
         <message>Joget资源</message>
      </message>
      <message>
         <id>Joget Translations_zh_CN</id>
         <appId>dashboard</appId>
         <appVersion>1</appVersion>
         <messageKey>Joget Translations</messageKey>
         <locale>zh_CN</locale>
         <message>Joget翻译</message>
      </message>
      <message>
         <id>Joget Videos_zh_CN</id>
         <appId>dashboard</appId>
         <appVersion>1</appVersion>
         <messageKey>Joget Videos</messageKey>
         <locale>zh_CN</locale>
         <message>Joget视频</message>
      </message>
      <message>
         <id>Last Name_zh_CN</id>
         <appId>dashboard</appId>
         <appVersion>1</appVersion>
         <messageKey>Last Name</messageKey>
         <locale>zh_CN</locale>
         <message>姓</message>
      </message>
      <message>
         <id>Login Details_zh_CN</id>
         <appId>dashboard</appId>
         <appVersion>1</appVersion>
         <messageKey>Login Details</messageKey>
         <locale>zh_CN</locale>
         <message>登录信息</message>
      </message>
      <message>
         <id>Login using your account_zh_CN</id>
         <appId>dashboard</appId>
         <appVersion>1</appVersion>
         <messageKey>Login using your account</messageKey>
         <locale>zh_CN</locale>
         <message>用您的帐号登录</message>
      </message>
      <message>
         <id>Make requests, approvals and statuses at your convenience_zh_CN</id>
         <appId>dashboard</appId>
         <appVersion>1</appVersion>
         <messageKey>Make requests, approvals and statuses at your convenience</messageKey>
         <locale>zh_CN</locale>
         <message>可随时提交申请、审批或更新状态</message>
      </message>
      <message>
         <id>Manage your task inbox_zh_CN</id>
         <appId>dashboard</appId>
         <appVersion>1</appVersion>
         <messageKey>Manage your task inbox</messageKey>
         <locale>zh_CN</locale>
         <message>在任务箱中管理代办任务</message>
      </message>
      <message>
         <id>Minimize paperwork and reduce operational costs_zh_CN</id>
         <appId>dashboard</appId>
         <appVersion>1</appVersion>
         <messageKey>Minimize paperwork and reduce operational costs</messageKey>
         <locale>zh_CN</locale>
         <message>减少书面工作，降低运营成本</message>
      </message>
      <message>
         <id>My Profile_zh_CN</id>
         <appId>dashboard</appId>
         <appVersion>1</appVersion>
         <messageKey>My Profile</messageKey>
         <locale>zh_CN</locale>
         <message>个人设置</message>
      </message>
      <message>
         <id>New services are now available from the published apps on the left_zh_CN</id>
         <appId>dashboard</appId>
         <appVersion>1</appVersion>
         <messageKey>New services are now available from the published apps on the left</messageKey>
         <locale>zh_CN</locale>
         <message>现在可以从左侧已发布应用中获得新服务</message>
      </message>
      <message>
         <id>New Services Published_zh_CN</id>
         <appId>dashboard</appId>
         <appVersion>1</appVersion>
         <messageKey>New Services Published</messageKey>
         <locale>zh_CN</locale>
         <message>新服务发布</message>
      </message>
      <message>
         <id>Participate in workflow processes_zh_CN</id>
         <appId>dashboard</appId>
         <appVersion>1</appVersion>
         <messageKey>Participate in workflow processes</messageKey>
         <locale>zh_CN</locale>
         <message>参与流程审批</message>
      </message>
      <message>
         <id>Password_zh_CN</id>
         <appId>dashboard</appId>
         <appVersion>1</appVersion>
         <messageKey>Password</messageKey>
         <locale>zh_CN</locale>
         <message>密码</message>
      </message>
      <message>
         <id>plabel.process1_zh_CN</id>
         <appId>dashboard</appId>
         <appVersion>1</appVersion>
         <messageKey>plabel.process1</messageKey>
         <locale>zh_CN</locale>
         <message>用户注册流程</message>
      </message>
      <message>
         <id>plabel.process1.activity1_zh_CN</id>
         <appId>dashboard</appId>
         <appVersion>1</appVersion>
         <messageKey>plabel.process1.activity1</messageKey>
         <locale>zh_CN</locale>
         <message>注册审批</message>
      </message>
      <message>
         <id>plabel.process1.activity2_zh_CN</id>
         <appId>dashboard</appId>
         <appVersion>1</appVersion>
         <messageKey>plabel.process1.activity2</messageKey>
         <locale>zh_CN</locale>
         <message>新建用户</message>
      </message>
      <message>
         <id>Process Start White List ID_zh_CN</id>
         <appId>dashboard</appId>
         <appVersion>1</appVersion>
         <messageKey>Process Start White List ID</messageKey>
         <locale>zh_CN</locale>
         <message>流程白名单</message>
      </message>
      <message>
         <id>Processes_zh_CN</id>
         <appId>dashboard</appId>
         <appVersion>1</appVersion>
         <messageKey>Processes</messageKey>
         <locale>zh_CN</locale>
         <message>流程</message>
      </message>
      <message>
         <id>Published Apps_zh_CN</id>
         <appId>dashboard</appId>
         <appVersion>1</appVersion>
         <messageKey>Published Apps</messageKey>
         <locale>zh_CN</locale>
         <message>已发布应用</message>
      </message>
      <message>
         <id>Purchase Joget License_zh_CN</id>
         <appId>dashboard</appId>
         <appVersion>1</appVersion>
         <messageKey>Purchase Joget License</messageKey>
         <locale>zh_CN</locale>
         <message>购买Joget授权</message>
      </message>
      <message>
         <id>Purchasing_zh_CN</id>
         <appId>dashboard</appId>
         <appVersion>1</appVersion>
         <messageKey>Purchasing</messageKey>
         <locale>zh_CN</locale>
         <message>采购</message>
      </message>
      <message>
         <id>Reduce Costs_zh_CN</id>
         <appId>dashboard</appId>
         <appVersion>1</appVersion>
         <messageKey>Reduce Costs</messageKey>
         <locale>zh_CN</locale>
         <message>降低成本</message>
      </message>
      <message>
         <id>Register New User_zh_CN</id>
         <appId>dashboard</appId>
         <appVersion>1</appVersion>
         <messageKey>Register New User</messageKey>
         <locale>zh_CN</locale>
         <message>注册新用户</message>
      </message>
      <message>
         <id>Rejected_zh_CN</id>
         <appId>dashboard</appId>
         <appVersion>1</appVersion>
         <messageKey>Rejected</messageKey>
         <locale>zh_CN</locale>
         <message>拒绝</message>
      </message>
      <message>
         <id>Remove the permission in_zh_CN</id>
         <appId>dashboard</appId>
         <appVersion>1</appVersion>
         <messageKey>Remove the permission in</messageKey>
         <locale>zh_CN</locale>
         <message>在</message>
      </message>
      <message>
         <id>Self-Service Apps_zh_CN</id>
         <appId>dashboard</appId>
         <appVersion>1</appVersion>
         <messageKey>Self-Service Apps</messageKey>
         <locale>zh_CN</locale>
         <message>自助服务应用程序</message>
      </message>
      <message>
         <id>Setup Users_zh_CN</id>
         <appId>dashboard</appId>
         <appVersion>1</appVersion>
         <messageKey>Setup Users</messageKey>
         <locale>zh_CN</locale>
         <message>设置用户</message>
      </message>
      <message>
         <id>Status_zh_CN</id>
         <appId>dashboard</appId>
         <appVersion>1</appVersion>
         <messageKey>Status</messageKey>
         <locale>zh_CN</locale>
         <message>状态</message>
      </message>
      <message>
         <id>Tips to Joget administrator_zh_CN</id>
         <appId>dashboard</appId>
         <appVersion>1</appVersion>
         <messageKey>Tips to Joget administrator</messageKey>
         <locale>zh_CN</locale>
         <message>给Joget管理员的提示</message>
      </message>
      <message>
         <id>to allow public to run the_zh_CN</id>
         <appId>dashboard</appId>
         <appVersion>1</appVersion>
         <messageKey>to allow public to run the</messageKey>
         <locale>zh_CN</locale>
         <message>中修改流程白名单使所有人都可以运行</message>
      </message>
      <message>
         <id>to send email messages_zh_CN</id>
         <appId>dashboard</appId>
         <appVersion>1</appVersion>
         <messageKey>to send email messages</messageKey>
         <locale>zh_CN</locale>
         <message>中给Joget配置SMTP服务器来发送邮件</message>
      </message>
      <message>
         <id>to send email messages.&lt;\/li&gt;\n&lt;li&gt;_zh_CN</id>
         <appId>dashboard</appId>
         <appVersion>1</appVersion>
         <messageKey>to send email messages.&lt;\/li&gt;\n&lt;li&gt;</messageKey>
         <locale>zh_CN</locale>
         <message>给Joget配置SMTP服务器来发送邮件</message>
      </message>
      <message>
         <id>User Details_zh_CN</id>
         <appId>dashboard</appId>
         <appVersion>1</appVersion>
         <messageKey>User Details</messageKey>
         <locale>zh_CN</locale>
         <message>用户信息</message>
      </message>
      <message>
         <id>User Register Approval Inbox_zh_CN</id>
         <appId>dashboard</appId>
         <appVersion>1</appVersion>
         <messageKey>User Register Approval Inbox</messageKey>
         <locale>zh_CN</locale>
         <message>待处理用户注册审批</message>
      </message>
      <message>
         <id>User Register Approval_zh_CN</id>
         <appId>dashboard</appId>
         <appVersion>1</appVersion>
         <messageKey>User Register Approval</messageKey>
         <locale>zh_CN</locale>
         <message>用户注册审批</message>
      </message>
      <message>
         <id>Verify Password_zh_CN</id>
         <appId>dashboard</appId>
         <appVersion>1</appVersion>
         <messageKey>Verify Password</messageKey>
         <locale>zh_CN</locale>
         <message>确认密码</message>
      </message>
      <message>
         <id>Web Console &gt; General Settings_zh_CN</id>
         <appId>dashboard</appId>
         <appVersion>1</appVersion>
         <messageKey>Web Console &gt; General Settings</messageKey>
         <locale>zh_CN</locale>
         <message>控制台&gt;设置</message>
      </message>
      <message>
         <id>Web Console &gt; Processes &gt; Process Start White List ID_zh_CN</id>
         <appId>dashboard</appId>
         <appVersion>1</appVersion>
         <messageKey>Web Console &gt; Processes &gt; Process Start White List ID</messageKey>
         <locale>zh_CN</locale>
         <message>控制台&gt;流程&gt;流程启动白名单</message>
      </message>
      <message>
         <id>Web Console &gt; Setup Users_zh_CN</id>
         <appId>dashboard</appId>
         <appVersion>1</appVersion>
         <messageKey>Web Console &gt; Setup Users</messageKey>
         <locale>zh_CN</locale>
         <message>控制台&gt;用户</message>
      </message>
      <message>
         <id>Web Console &gt; Setup Users&lt;\/a&gt; _zh_CN</id>
         <appId>dashboard</appId>
         <appVersion>1</appVersion>
         <messageKey>Web Console &gt; Setup Users&lt;\/a&gt; </messageKey>
         <locale>zh_CN</locale>
         <message>控制台&gt;用户</message>
      </message>
      <message>
         <id>Web Console_zh_CN</id>
         <appId>dashboard</appId>
         <appVersion>1</appVersion>
         <messageKey>Web Console</messageKey>
         <locale>zh_CN</locale>
         <message>Web控制台</message>
      </message>
      <message>
         <id>Welcome to the Employee Services Portal_zh_CN</id>
         <appId>dashboard</appId>
         <appVersion>1</appVersion>
         <messageKey>Welcome to the Employee Services Portal</messageKey>
         <locale>zh_CN</locale>
         <message>欢迎访问员工服务门户</message>
      </message>
      <message>
         <id>Why Use This Portal_zh_CN</id>
         <appId>dashboard</appId>
         <appVersion>1</appVersion>
         <messageKey>Why Use This Portal</messageKey>
         <locale>zh_CN</locale>
         <message>为何使用此门户</message>
      </message>
      <message>
         <id>Workflow Inbox and Pending Tasks_zh_CN</id>
         <appId>dashboard</appId>
         <appVersion>1</appVersion>
         <messageKey>Workflow Inbox and Pending Tasks</messageKey>
         <locale>zh_CN</locale>
         <message>流程收件箱和待办任务</message>
      </message>
      <message>
         <id>workflow_zh_CN</id>
         <appId>dashboard</appId>
         <appVersion>1</appVersion>
         <messageKey>workflow</messageKey>
         <locale>zh_CN</locale>
         <message>流程</message>
      </message>
   </messageList>   <!--resourceList>
      <appResource>
         <id>desktop.jpg</id>
         <appId>dashboard</appId>
         <appVersion>1</appVersion>
         <filesize>203188</filesize>
         <permissionProperties>{&quot;hashvariable&quot;:&quot;#appResource.desktop.jpg#&quot;,&quot;permission&quot;:{&quot;className&quot;:&quot;&quot;,&quot;properties&quot;:{}}}</permissionProperties>
      </appResource>
      <appResource>
         <id>employee-pixel.jpg</id>
         <appId>dashboard</appId>
         <appVersion>1</appVersion>
         <filesize>192770</filesize>
         <permissionProperties>{&quot;permission&quot;: { &quot;className&quot;: &quot;&quot;, &quot;properties&quot;: {}}}</permissionProperties>
      </appResource>
      <appResource>
         <id>esp_icon.png</id>
         <appId>dashboard</appId>
         <appVersion>1</appVersion>
         <filesize>32037</filesize>
         <permissionProperties>{&quot;permission&quot;: { &quot;className&quot;: &quot;&quot;, &quot;properties&quot;: {}}}</permissionProperties>
      </appResource>
   </resourceList-->
   <license>EG7vI0pxpjL7ThQ8m9sQSeEfsbmWrC4TbI37BKjZlO5jbwy29bpHrw==</license>
</appDefinition>